,image_path,width,height,is_dark,frame_number
0,data_generated_images\20x26dark_00003.png,20,26,True,3
1,data_generated_images\20x26dark_00021.png,20,26,True,21
2,data_generated_images\20x26dark_00024.png,20,26,True,24
3,data_generated_images\20x26dark_00033.png,20,26,True,33
4,data_generated_images\20x26dark_00039.png,20,26,True,39
5,data_generated_images\20x26dark_00042.png,20,26,True,42
6,data_generated_images\20x26dark_00045.png,20,26,True,45
7,data_generated_images\20x26dark_00048.png,20,26,True,48
8,data_generated_images\20x26dark_00051.png,20,26,True,51
9,data_generated_images\20x26dark_00129.png,20,26,True,129
10,data_generated_images\20x26dark_00180.png,20,26,True,180
11,data_generated_images\20x26dark_00183.png,20,26,True,183
12,data_generated_images\20x26dark_00186.png,20,26,True,186
13,data_generated_images\20x26dark_00189.png,20,26,True,189
14,data_generated_images\20x26dark_00192.png,20,26,True,192
15,data_generated_images\20x26dark_00195.png,20,26,True,195
16,data_generated_images\20x26dark_00201.png,20,26,True,201
17,data_generated_images\20x26dark_00264.png,20,26,True,264
18,data_generated_images\20x26dark_00297.png,20,26,True,297
19,data_generated_images\20x26dark_00309.png,20,26,True,309
20,data_generated_images\20x26dark_00339.png,20,26,True,339
21,data_generated_images\20x26dark_00372.png,20,26,True,372
22,data_generated_images\20x26dark_00378.png,20,26,True,378
23,data_generated_images\20x26dark_00381.png,20,26,True,381
24,data_generated_images\20x26dark_00438.png,20,26,True,438
25,data_generated_images\20x26dark_00441.png,20,26,True,441
26,data_generated_images\20x26dark_00450.png,20,26,True,450
27,data_generated_images\20x26dark_00456.png,20,26,True,456
28,data_generated_images\20x26dark_00459.png,20,26,True,459
29,data_generated_images\20x26dark_00471.png,20,26,True,471
30,data_generated_images\20x26dark_00498.png,20,26,True,498
31,data_generated_images\20x26dark_00558.png,20,26,True,558
32,data_generated_images\20x26dark_00561.png,20,26,True,561
33,data_generated_images\20x26dark_00564.png,20,26,True,564
34,data_generated_images\20x26dark_00567.png,20,26,True,567
35,data_generated_images\20x26dark_00777.png,20,26,True,777
36,data_generated_images\20x26dark_01032.png,20,26,True,1032
37,data_generated_images\20x26dark_01065.png,20,26,True,1065
38,data_generated_images\20x26dark_01098.png,20,26,True,1098
39,data_generated_images\20x26dark_01119.png,20,26,True,1119
40,data_generated_images\20x26dark_01155.png,20,26,True,1155
41,data_generated_images\20x26light_00004.png,20,26,False,4
42,data_generated_images\20x26light_00072.png,20,26,False,72
43,data_generated_images\20x26light_00080.png,20,26,False,80
44,data_generated_images\20x26light_00084.png,20,26,False,84
45,data_generated_images\20x26light_00152.png,20,26,False,152
46,data_generated_images\20x26light_00208.png,20,26,False,208
47,data_generated_images\20x26light_00224.png,20,26,False,224
48,data_generated_images\20x26light_00228.png,20,26,False,228
49,data_generated_images\20x26light_00232.png,20,26,False,232
50,data_generated_images\20x26light_00240.png,20,26,False,240
51,data_generated_images\20x26light_00292.png,20,26,False,292
52,data_generated_images\20x26light_00324.png,20,26,False,324
53,data_generated_images\20x26light_00428.png,20,26,False,428
54,data_generated_images\20x26light_00452.png,20,26,False,452
55,data_generated_images\20x26light_00468.png,20,26,False,468
56,data_generated_images\20x26light_00480.png,20,26,False,480
57,data_generated_images\20x26light_00500.png,20,26,False,500
58,data_generated_images\20x26light_00508.png,20,26,False,508
59,data_generated_images\20x26light_00512.png,20,26,False,512
60,data_generated_images\20x26light_00524.png,20,26,False,524
61,data_generated_images\20x26light_00528.png,20,26,False,528
62,data_generated_images\20x26light_00584.png,20,26,False,584
63,data_generated_images\20x26light_00588.png,20,26,False,588
64,data_generated_images\20x26light_00608.png,20,26,False,608
65,data_generated_images\20x26light_00620.png,20,26,False,620
66,data_generated_images\20x26light_00664.png,20,26,False,664
67,data_generated_images\20x26light_00880.png,20,26,False,880
68,data_generated_images\20x26light_01052.png,20,26,False,1052
69,data_generated_images\20x26light_01080.png,20,26,False,1080
70,data_generated_images\20x26light_01088.png,20,26,False,1088
71,data_generated_images\20x26light_01112.png,20,26,False,1112
72,data_generated_images\20x26light_01120.png,20,26,False,1120
73,data_generated_images\20x26light_01220.png,20,26,False,1220
74,data_generated_images\20x26light_01224.png,20,26,False,1224
75,data_generated_images\20x26light_01300.png,20,26,False,1300
76,data_generated_images\20x26light_01324.png,20,26,False,1324
77,data_generated_images\20x26light_01348.png,20,26,False,1348
78,data_generated_images\20x26light_01396.png,20,26,False,1396
79,data_generated_images\20x26light_01496.png,20,26,False,1496
80,data_generated_images\20x28dark_00003.png,20,28,True,3
81,data_generated_images\20x28dark_00192.png,20,28,True,192
82,data_generated_images\20x28dark_00219.png,20,28,True,219
83,data_generated_images\20x28dark_00222.png,20,28,True,222
84,data_generated_images\20x28dark_00231.png,20,28,True,231
85,data_generated_images\20x28dark_00234.png,20,28,True,234
86,data_generated_images\20x28dark_00237.png,20,28,True,237
87,data_generated_images\20x28dark_00252.png,20,28,True,252
88,data_generated_images\20x28dark_00255.png,20,28,True,255
89,data_generated_images\20x28dark_00258.png,20,28,True,258
90,data_generated_images\20x28dark_00264.png,20,28,True,264
91,data_generated_images\20x28dark_00273.png,20,28,True,273
92,data_generated_images\20x28dark_00288.png,20,28,True,288
93,data_generated_images\20x28dark_00297.png,20,28,True,297
94,data_generated_images\20x28dark_00300.png,20,28,True,300
95,data_generated_images\20x28dark_00303.png,20,28,True,303
96,data_generated_images\20x28dark_00321.png,20,28,True,321
97,data_generated_images\20x28dark_00327.png,20,28,True,327
98,data_generated_images\20x28dark_00405.png,20,28,True,405
99,data_generated_images\20x28dark_00534.png,20,28,True,534
100,data_generated_images\20x28dark_00594.png,20,28,True,594
101,data_generated_images\20x28dark_00597.png,20,28,True,597
102,data_generated_images\20x28dark_00609.png,20,28,True,609
103,data_generated_images\20x28dark_00657.png,20,28,True,657
104,data_generated_images\20x28dark_00663.png,20,28,True,663
105,data_generated_images\20x28dark_00666.png,20,28,True,666
106,data_generated_images\20x28dark_00729.png,20,28,True,729
107,data_generated_images\20x28dark_00786.png,20,28,True,786
108,data_generated_images\20x28dark_01071.png,20,28,True,1071
109,data_generated_images\20x28dark_01182.png,20,28,True,1182
110,data_generated_images\20x28light_00002.png,20,28,False,2
111,data_generated_images\20x28light_00212.png,20,28,False,212
112,data_generated_images\20x28light_00266.png,20,28,False,266
113,data_generated_images\20x28light_00276.png,20,28,False,276
114,data_generated_images\20x28light_00278.png,20,28,False,278
115,data_generated_images\20x28light_00282.png,20,28,False,282
116,data_generated_images\20x28light_00296.png,20,28,False,296
117,data_generated_images\20x28light_00300.png,20,28,False,300
118,data_generated_images\20x28light_00302.png,20,28,False,302
119,data_generated_images\20x28light_00306.png,20,28,False,306
120,data_generated_images\20x28light_00308.png,20,28,False,308
121,data_generated_images\20x28light_00312.png,20,28,False,312
122,data_generated_images\20x28light_00368.png,20,28,False,368
123,data_generated_images\20x28light_00372.png,20,28,False,372
124,data_generated_images\20x28light_00378.png,20,28,False,378
125,data_generated_images\20x28light_00386.png,20,28,False,386
126,data_generated_images\20x28light_00440.png,20,28,False,440
127,data_generated_images\20x28light_00446.png,20,28,False,446
128,data_generated_images\20x28light_00450.png,20,28,False,450
129,data_generated_images\20x28light_00458.png,20,28,False,458
130,data_generated_images\20x28light_00594.png,20,28,False,594
131,data_generated_images\20x28light_00744.png,20,28,False,744
132,data_generated_images\20x28light_00764.png,20,28,False,764
133,data_generated_images\20x28light_00768.png,20,28,False,768
134,data_generated_images\20x28light_00770.png,20,28,False,770
135,data_generated_images\20x28light_00782.png,20,28,False,782
136,data_generated_images\20x28light_00788.png,20,28,False,788
137,data_generated_images\20x28light_00824.png,20,28,False,824
138,data_generated_images\20x28light_00860.png,20,28,False,860
139,data_generated_images\20x28light_00864.png,20,28,False,864
140,data_generated_images\20x28light_00930.png,20,28,False,930
141,data_generated_images\28x22dark_00003.png,28,22,True,3
142,data_generated_images\28x22dark_00048.png,28,22,True,48
143,data_generated_images\28x22dark_00063.png,28,22,True,63
144,data_generated_images\28x22dark_00069.png,28,22,True,69
145,data_generated_images\28x22dark_00072.png,28,22,True,72
146,data_generated_images\28x22dark_00087.png,28,22,True,87
147,data_generated_images\28x22dark_00090.png,28,22,True,90
148,data_generated_images\28x22dark_00222.png,28,22,True,222
149,data_generated_images\28x22dark_00285.png,28,22,True,285
150,data_generated_images\28x22dark_00288.png,28,22,True,288
151,data_generated_images\28x22dark_00294.png,28,22,True,294
152,data_generated_images\28x22dark_00300.png,28,22,True,300
153,data_generated_images\28x22dark_00306.png,28,22,True,306
154,data_generated_images\28x22dark_00312.png,28,22,True,312
155,data_generated_images\28x22dark_00375.png,28,22,True,375
156,data_generated_images\28x22dark_00390.png,28,22,True,390
157,data_generated_images\28x22dark_00402.png,28,22,True,402
158,data_generated_images\28x22dark_00543.png,28,22,True,543
159,data_generated_images\28x22dark_00561.png,28,22,True,561
160,data_generated_images\28x22dark_00564.png,28,22,True,564
161,data_generated_images\28x22dark_00579.png,28,22,True,579
162,data_generated_images\28x22dark_00597.png,28,22,True,597
163,data_generated_images\28x22dark_00630.png,28,22,True,630
164,data_generated_images\28x22dark_00654.png,28,22,True,654
165,data_generated_images\28x22dark_00669.png,28,22,True,669
166,data_generated_images\28x22dark_00738.png,28,22,True,738
167,data_generated_images\28x22dark_00762.png,28,22,True,762
168,data_generated_images\28x22dark_00765.png,28,22,True,765
169,data_generated_images\28x22light_00002.png,28,22,False,2
170,data_generated_images\28x22light_00036.png,28,22,False,36
171,data_generated_images\28x22light_00042.png,28,22,False,42
172,data_generated_images\28x22light_00116.png,28,22,False,116
173,data_generated_images\28x22light_00168.png,28,22,False,168
174,data_generated_images\28x22light_00170.png,28,22,False,170
175,data_generated_images\28x22light_00180.png,28,22,False,180
176,data_generated_images\28x22light_00248.png,28,22,False,248
177,data_generated_images\28x22light_00258.png,28,22,False,258
178,data_generated_images\28x22light_00290.png,28,22,False,290
179,data_generated_images\28x22light_00294.png,28,22,False,294
180,data_generated_images\28x22light_00306.png,28,22,False,306
181,data_generated_images\28x22light_00318.png,28,22,False,318
182,data_generated_images\28x22light_00326.png,28,22,False,326
183,data_generated_images\28x22light_00330.png,28,22,False,330
184,data_generated_images\28x22light_00332.png,28,22,False,332
185,data_generated_images\28x22light_00336.png,28,22,False,336
186,data_generated_images\28x22light_00420.png,28,22,False,420
187,data_generated_images\28x22light_00422.png,28,22,False,422
188,data_generated_images\28x22light_00482.png,28,22,False,482
189,data_generated_images\28x22light_00488.png,28,22,False,488
190,data_generated_images\28x22light_00498.png,28,22,False,498
191,data_generated_images\28x22light_00506.png,28,22,False,506
192,data_generated_images\28x22light_00516.png,28,22,False,516
193,data_generated_images\28x22light_00528.png,28,22,False,528
194,data_generated_images\28x22light_00530.png,28,22,False,530
195,data_generated_images\28x22light_00536.png,28,22,False,536
196,data_generated_images\28x22light_00558.png,28,22,False,558
197,data_generated_images\28x22light_00738.png,28,22,False,738
198,data_generated_images\28x22light_00894.png,28,22,False,894
199,data_generated_images\28x22light_00906.png,28,22,False,906
200,data_generated_images\28x22light_00918.png,28,22,False,918
201,data_generated_images\28x22light_00930.png,28,22,False,930
202,data_generated_images\28x22light_00942.png,28,22,False,942
203,data_generated_images\35x19dark_00003.png,35,19,True,3
204,data_generated_images\35x19dark_00024.png,35,19,True,24
205,data_generated_images\35x19dark_00054.png,35,19,True,54
206,data_generated_images\35x19dark_00057.png,35,19,True,57
207,data_generated_images\35x19dark_00060.png,35,19,True,60
208,data_generated_images\35x19dark_00063.png,35,19,True,63
209,data_generated_images\35x19dark_00204.png,35,19,True,204
210,data_generated_images\35x19dark_00207.png,35,19,True,207
211,data_generated_images\35x19dark_00210.png,35,19,True,210
212,data_generated_images\35x19dark_00213.png,35,19,True,213
213,data_generated_images\35x19dark_00216.png,35,19,True,216
214,data_generated_images\35x19dark_00264.png,35,19,True,264
215,data_generated_images\35x19dark_00267.png,35,19,True,267
216,data_generated_images\35x19dark_00270.png,35,19,True,270
217,data_generated_images\35x19dark_00288.png,35,19,True,288
218,data_generated_images\35x19dark_00294.png,35,19,True,294
219,data_generated_images\35x19dark_00309.png,35,19,True,309
220,data_generated_images\35x19dark_00315.png,35,19,True,315
221,data_generated_images\35x19dark_00318.png,35,19,True,318
222,data_generated_images\35x19dark_00321.png,35,19,True,321
223,data_generated_images\35x19dark_00330.png,35,19,True,330
224,data_generated_images\35x19dark_00333.png,35,19,True,333
225,data_generated_images\35x19dark_00336.png,35,19,True,336
226,data_generated_images\35x19dark_00339.png,35,19,True,339
227,data_generated_images\35x19dark_00345.png,35,19,True,345
228,data_generated_images\35x19dark_00363.png,35,19,True,363
229,data_generated_images\35x19dark_00375.png,35,19,True,375
230,data_generated_images\35x19dark_00378.png,35,19,True,378
231,data_generated_images\35x19dark_00387.png,35,19,True,387
232,data_generated_images\35x19dark_00390.png,35,19,True,390
233,data_generated_images\35x19dark_00978.png,35,19,True,978
234,data_generated_images\35x19dark_01017.png,35,19,True,1017
235,data_generated_images\35x19dark_01071.png,35,19,True,1071
236,data_generated_images\35x19dark_01074.png,35,19,True,1074
237,data_generated_images\35x19dark_01095.png,35,19,True,1095
238,data_generated_images\35x19dark_01116.png,35,19,True,1116
239,data_generated_images\35x19light_00002.png,35,19,False,2
240,data_generated_images\35x19light_00032.png,35,19,False,32
241,data_generated_images\35x19light_00036.png,35,19,False,36
242,data_generated_images\35x19light_00038.png,35,19,False,38
243,data_generated_images\35x19light_00042.png,35,19,False,42
244,data_generated_images\35x19light_00138.png,35,19,False,138
245,data_generated_images\35x19light_00140.png,35,19,False,140
246,data_generated_images\35x19light_00146.png,35,19,False,146
247,data_generated_images\35x19light_00164.png,35,19,False,164
248,data_generated_images\35x19light_00168.png,35,19,False,168
249,data_generated_images\35x19light_00176.png,35,19,False,176
250,data_generated_images\35x19light_00230.png,35,19,False,230
251,data_generated_images\35x19light_00272.png,35,19,False,272
252,data_generated_images\35x19light_00278.png,35,19,False,278
253,data_generated_images\35x19light_00282.png,35,19,False,282
254,data_generated_images\35x19light_00284.png,35,19,False,284
255,data_generated_images\35x19light_00306.png,35,19,False,306
256,data_generated_images\35x19light_00308.png,35,19,False,308
257,data_generated_images\35x19light_00314.png,35,19,False,314
258,data_generated_images\35x19light_00330.png,35,19,False,330
259,data_generated_images\35x19light_00332.png,35,19,False,332
260,data_generated_images\35x19light_00344.png,35,19,False,344
261,data_generated_images\35x19light_00348.png,35,19,False,348
262,data_generated_images\35x19light_00372.png,35,19,False,372
263,data_generated_images\35x19light_00380.png,35,19,False,380
264,data_generated_images\35x19light_00392.png,35,19,False,392
265,data_generated_images\35x19light_00506.png,35,19,False,506
266,data_generated_images\35x19light_00804.png,35,19,False,804
267,data_generated_images\35x19light_00860.png,35,19,False,860
268,data_generated_images\35x19light_00876.png,35,19,False,876
269,data_generated_images\35x19light_00878.png,35,19,False,878
270,data_generated_images\35x19light_00890.png,35,19,False,890
271,data_generated_images\35x19light_00908.png,35,19,False,908
272,data_generated_images\35x19light_00912.png,35,19,False,912
273,data_generated_images\35x19light_00950.png,35,19,False,950
274,data_generated_images\35x19light_00954.png,35,19,False,954
275,data_generated_images\35x22dark_00003.png,35,22,True,3
276,data_generated_images\35x22dark_00030.png,35,22,True,30
277,data_generated_images\35x22dark_00033.png,35,22,True,33
278,data_generated_images\35x22dark_00039.png,35,22,True,39
279,data_generated_images\35x22dark_00051.png,35,22,True,51
280,data_generated_images\35x22dark_00057.png,35,22,True,57
281,data_generated_images\35x22dark_00060.png,35,22,True,60
282,data_generated_images\35x22dark_00063.png,35,22,True,63
283,data_generated_images\35x22dark_00072.png,35,22,True,72
284,data_generated_images\35x22dark_00075.png,35,22,True,75
285,data_generated_images\35x22dark_00078.png,35,22,True,78
286,data_generated_images\35x22dark_00081.png,35,22,True,81
287,data_generated_images\35x22dark_00093.png,35,22,True,93
288,data_generated_images\35x22dark_00237.png,35,22,True,237
289,data_generated_images\35x22dark_00240.png,35,22,True,240
290,data_generated_images\35x22dark_00243.png,35,22,True,243
291,data_generated_images\35x22dark_00345.png,35,22,True,345
292,data_generated_images\35x22dark_00399.png,35,22,True,399
293,data_generated_images\35x22dark_00405.png,35,22,True,405
294,data_generated_images\35x22dark_00417.png,35,22,True,417
295,data_generated_images\35x22dark_00432.png,35,22,True,432
296,data_generated_images\35x22dark_00441.png,35,22,True,441
297,data_generated_images\35x22dark_00450.png,35,22,True,450
298,data_generated_images\35x22dark_00462.png,35,22,True,462
299,data_generated_images\35x22dark_00507.png,35,22,True,507
300,data_generated_images\35x22dark_00528.png,35,22,True,528
301,data_generated_images\35x22dark_00549.png,35,22,True,549
302,data_generated_images\35x22dark_00555.png,35,22,True,555
303,data_generated_images\35x22dark_00558.png,35,22,True,558
304,data_generated_images\35x22dark_00561.png,35,22,True,561
305,data_generated_images\35x22dark_00576.png,35,22,True,576
306,data_generated_images\35x22dark_00615.png,35,22,True,615
307,data_generated_images\35x22dark_00621.png,35,22,True,621
308,data_generated_images\35x22dark_00660.png,35,22,True,660
309,data_generated_images\35x22dark_00669.png,35,22,True,669
310,data_generated_images\35x22dark_01170.png,35,22,True,1170
311,data_generated_images\35x22dark_01197.png,35,22,True,1197
312,data_generated_images\35x22light_00002.png,35,22,False,2
313,data_generated_images\35x22light_00038.png,35,22,False,38
314,data_generated_images\35x22light_00044.png,35,22,False,44
315,data_generated_images\35x22light_00048.png,35,22,False,48
316,data_generated_images\35x22light_00054.png,35,22,False,54
317,data_generated_images\35x22light_00060.png,35,22,False,60
318,data_generated_images\35x22light_00066.png,35,22,False,66
319,data_generated_images\35x22light_00068.png,35,22,False,68
320,data_generated_images\35x22light_00072.png,35,22,False,72
321,data_generated_images\35x22light_00074.png,35,22,False,74
322,data_generated_images\35x22light_00170.png,35,22,False,170
323,data_generated_images\35x22light_00180.png,35,22,False,180
324,data_generated_images\35x22light_00212.png,35,22,False,212
325,data_generated_images\35x22light_00230.png,35,22,False,230
326,data_generated_images\35x22light_00236.png,35,22,False,236
327,data_generated_images\35x22light_00246.png,35,22,False,246
328,data_generated_images\35x22light_00248.png,35,22,False,248
329,data_generated_images\35x22light_00252.png,35,22,False,252
330,data_generated_images\35x22light_00254.png,35,22,False,254
331,data_generated_images\35x22light_00258.png,35,22,False,258
332,data_generated_images\35x22light_00264.png,35,22,False,264
333,data_generated_images\35x22light_00272.png,35,22,False,272
334,data_generated_images\35x22light_00282.png,35,22,False,282
335,data_generated_images\35x22light_00288.png,35,22,False,288
336,data_generated_images\35x22light_00294.png,35,22,False,294
337,data_generated_images\35x22light_00558.png,35,22,False,558
338,data_generated_images\35x22light_00590.png,35,22,False,590
339,data_generated_images\35x22light_00594.png,35,22,False,594
340,data_generated_images\35x22light_00842.png,35,22,False,842
341,data_generated_images\35x22light_00848.png,35,22,False,848
342,data_generated_images\35x22light_00852.png,35,22,False,852
343,data_generated_images\35x22light_00924.png,35,22,False,924
344,data_generated_images\35x28dark_00003.png,35,28,True,3
345,data_generated_images\35x28dark_00024.png,35,28,True,24
346,data_generated_images\35x28dark_00027.png,35,28,True,27
347,data_generated_images\35x28dark_00042.png,35,28,True,42
348,data_generated_images\35x28dark_00045.png,35,28,True,45
349,data_generated_images\35x28dark_00051.png,35,28,True,51
350,data_generated_images\35x28dark_00057.png,35,28,True,57
351,data_generated_images\35x28dark_00066.png,35,28,True,66
352,data_generated_images\35x28dark_00078.png,35,28,True,78
353,data_generated_images\35x28dark_00084.png,35,28,True,84
354,data_generated_images\35x28dark_00087.png,35,28,True,87
355,data_generated_images\35x28dark_00093.png,35,28,True,93
356,data_generated_images\35x28dark_00096.png,35,28,True,96
357,data_generated_images\35x28dark_00129.png,35,28,True,129
358,data_generated_images\35x28dark_00255.png,35,28,True,255
359,data_generated_images\35x28dark_00258.png,35,28,True,258
360,data_generated_images\35x28dark_00261.png,35,28,True,261
361,data_generated_images\35x28dark_00357.png,35,28,True,357
362,data_generated_images\35x28dark_00480.png,35,28,True,480
363,data_generated_images\35x28dark_00486.png,35,28,True,486
364,data_generated_images\35x28dark_00492.png,35,28,True,492
365,data_generated_images\35x28dark_00495.png,35,28,True,495
366,data_generated_images\35x28dark_00522.png,35,28,True,522
367,data_generated_images\35x28dark_00537.png,35,28,True,537
368,data_generated_images\35x28dark_00549.png,35,28,True,549
369,data_generated_images\35x28dark_00627.png,35,28,True,627
370,data_generated_images\35x28dark_00636.png,35,28,True,636
371,data_generated_images\35x28dark_00825.png,35,28,True,825
372,data_generated_images\35x28dark_00915.png,35,28,True,915
373,data_generated_images\35x28dark_00927.png,35,28,True,927
374,data_generated_images\35x28dark_00930.png,35,28,True,930
375,data_generated_images\35x28dark_00933.png,35,28,True,933
376,data_generated_images\35x28dark_00936.png,35,28,True,936
377,data_generated_images\35x28dark_01164.png,35,28,True,1164
378,data_generated_images\35x28dark_01173.png,35,28,True,1173
379,data_generated_images\35x28light_00002.png,35,28,False,2
380,data_generated_images\35x28light_00030.png,35,28,False,30
381,data_generated_images\35x28light_00038.png,35,28,False,38
382,data_generated_images\35x28light_00044.png,35,28,False,44
383,data_generated_images\35x28light_00164.png,35,28,False,164
384,data_generated_images\35x28light_00170.png,35,28,False,170
385,data_generated_images\35x28light_00174.png,35,28,False,174
386,data_generated_images\35x28light_00176.png,35,28,False,176
387,data_generated_images\35x28light_00230.png,35,28,False,230
388,data_generated_images\35x28light_00276.png,35,28,False,276
389,data_generated_images\35x28light_00308.png,35,28,False,308
390,data_generated_images\35x28light_00332.png,35,28,False,332
391,data_generated_images\35x28light_00336.png,35,28,False,336
392,data_generated_images\35x28light_00354.png,35,28,False,354
393,data_generated_images\35x28light_00356.png,35,28,False,356
394,data_generated_images\35x28light_00360.png,35,28,False,360
395,data_generated_images\35x28light_00362.png,35,28,False,362
396,data_generated_images\35x28light_00366.png,35,28,False,366
397,data_generated_images\35x28light_00374.png,35,28,False,374
398,data_generated_images\35x28light_00380.png,35,28,False,380
399,data_generated_images\35x28light_00386.png,35,28,False,386
400,data_generated_images\35x28light_00390.png,35,28,False,390
401,data_generated_images\35x28light_00402.png,35,28,False,402
402,data_generated_images\35x28light_00410.png,35,28,False,410
403,data_generated_images\35x28light_00414.png,35,28,False,414
404,data_generated_images\35x28light_00416.png,35,28,False,416
405,data_generated_images\35x28light_00438.png,35,28,False,438
406,data_generated_images\35x28light_00480.png,35,28,False,480
407,data_generated_images\35x28light_00488.png,35,28,False,488
408,data_generated_images\35x28light_00492.png,35,28,False,492
409,data_generated_images\35x28light_00498.png,35,28,False,498
410,data_generated_images\35x28light_00504.png,35,28,False,504
411,data_generated_images\35x28light_00512.png,35,28,False,512
412,data_generated_images\35x28light_00540.png,35,28,False,540
413,data_generated_images\35x28light_00686.png,35,28,False,686
414,data_generated_images\35x28light_00696.png,35,28,False,696
415,data_generated_images\35x28light_00698.png,35,28,False,698
416,data_generated_images\35x28light_00710.png,35,28,False,710
417,data_generated_images\35x28light_00804.png,35,28,False,804
418,data_generated_images\35x28light_00846.png,35,28,False,846
419,data_generated_images\35x30dark_00003.png,35,30,True,3
420,data_generated_images\35x30dark_00006.png,35,30,True,6
421,data_generated_images\35x30dark_00045.png,35,30,True,45
422,data_generated_images\35x30dark_00066.png,35,30,True,66
423,data_generated_images\35x30dark_00084.png,35,30,True,84
424,data_generated_images\35x30dark_00093.png,35,30,True,93
425,data_generated_images\35x30dark_00105.png,35,30,True,105
426,data_generated_images\35x30dark_00108.png,35,30,True,108
427,data_generated_images\35x30dark_00117.png,35,30,True,117
428,data_generated_images\35x30dark_00129.png,35,30,True,129
429,data_generated_images\35x30dark_00135.png,35,30,True,135
430,data_generated_images\35x30dark_00159.png,35,30,True,159
431,data_generated_images\35x30dark_00165.png,35,30,True,165
432,data_generated_images\35x30dark_00318.png,35,30,True,318
433,data_generated_images\35x30dark_00375.png,35,30,True,375
434,data_generated_images\35x30dark_00390.png,35,30,True,390
435,data_generated_images\35x30dark_00393.png,35,30,True,393
436,data_generated_images\35x30dark_00396.png,35,30,True,396
437,data_generated_images\35x30dark_00411.png,35,30,True,411
438,data_generated_images\35x30dark_00429.png,35,30,True,429
439,data_generated_images\35x30dark_00531.png,35,30,True,531
440,data_generated_images\35x30dark_00570.png,35,30,True,570
441,data_generated_images\35x30dark_00585.png,35,30,True,585
442,data_generated_images\35x30dark_00957.png,35,30,True,957
443,data_generated_images\35x30dark_01023.png,35,30,True,1023
444,data_generated_images\35x30dark_01083.png,35,30,True,1083
445,data_generated_images\35x30dark_01089.png,35,30,True,1089
446,data_generated_images\35x30light_00002.png,35,30,False,2
447,data_generated_images\35x30light_00038.png,35,30,False,38
448,data_generated_images\35x30light_00042.png,35,30,False,42
449,data_generated_images\35x30light_00048.png,35,30,False,48
450,data_generated_images\35x30light_00050.png,35,30,False,50
451,data_generated_images\35x30light_00062.png,35,30,False,62
452,data_generated_images\35x30light_00068.png,35,30,False,68
453,data_generated_images\35x30light_00078.png,35,30,False,78
454,data_generated_images\35x30light_00246.png,35,30,False,246
455,data_generated_images\35x30light_00254.png,35,30,False,254
456,data_generated_images\35x30light_00290.png,35,30,False,290
457,data_generated_images\35x30light_00416.png,35,30,False,416
458,data_generated_images\35x30light_00432.png,35,30,False,432
459,data_generated_images\35x30light_00518.png,35,30,False,518
460,data_generated_images\35x30light_00584.png,35,30,False,584
461,data_generated_images\35x30light_00588.png,35,30,False,588
462,data_generated_images\35x30light_00590.png,35,30,False,590
463,data_generated_images\35x30light_00594.png,35,30,False,594
464,data_generated_images\35x30light_00596.png,35,30,False,596
465,data_generated_images\35x30light_00602.png,35,30,False,602
466,data_generated_images\35x30light_00902.png,35,30,False,902
467,data_generated_images\35x30light_00930.png,35,30,False,930
468,data_generated_images\35x30light_00968.png,35,30,False,968
469,data_generated_images\42x22dark_00003.png,42,22,True,3
470,data_generated_images\42x22dark_00027.png,42,22,True,27
471,data_generated_images\42x22dark_00051.png,42,22,True,51
472,data_generated_images\42x22dark_00054.png,42,22,True,54
473,data_generated_images\42x22dark_00057.png,42,22,True,57
474,data_generated_images\42x22dark_00063.png,42,22,True,63
475,data_generated_images\42x22dark_00066.png,42,22,True,66
476,data_generated_images\42x22dark_00132.png,42,22,True,132
477,data_generated_images\42x22dark_00165.png,42,22,True,165
478,data_generated_images\42x22dark_00183.png,42,22,True,183
479,data_generated_images\42x22dark_00306.png,42,22,True,306
480,data_generated_images\42x22dark_00330.png,42,22,True,330
481,data_generated_images\42x22dark_00336.png,42,22,True,336
482,data_generated_images\42x22dark_00378.png,42,22,True,378
483,data_generated_images\42x22dark_00384.png,42,22,True,384
484,data_generated_images\42x22dark_00402.png,42,22,True,402
485,data_generated_images\42x22dark_00411.png,42,22,True,411
486,data_generated_images\42x22dark_00414.png,42,22,True,414
487,data_generated_images\42x22dark_00420.png,42,22,True,420
488,data_generated_images\42x22dark_00465.png,42,22,True,465
489,data_generated_images\42x22dark_00471.png,42,22,True,471
490,data_generated_images\42x22dark_00507.png,42,22,True,507
491,data_generated_images\42x22dark_00522.png,42,22,True,522
492,data_generated_images\42x22dark_00531.png,42,22,True,531
493,data_generated_images\42x22dark_00537.png,42,22,True,537
494,data_generated_images\42x22dark_00648.png,42,22,True,648
495,data_generated_images\42x22dark_00825.png,42,22,True,825
496,data_generated_images\42x22dark_00843.png,42,22,True,843
497,data_generated_images\42x22dark_00852.png,42,22,True,852
498,data_generated_images\42x22dark_01101.png,42,22,True,1101
499,data_generated_images\42x22dark_01107.png,42,22,True,1107
500,data_generated_images\42x22light_00002.png,42,22,False,2
501,data_generated_images\42x22light_00030.png,42,22,False,30
502,data_generated_images\42x22light_00032.png,42,22,False,32
503,data_generated_images\42x22light_00038.png,42,22,False,38
504,data_generated_images\42x22light_00044.png,42,22,False,44
505,data_generated_images\42x22light_00048.png,42,22,False,48
506,data_generated_images\42x22light_00054.png,42,22,False,54
507,data_generated_images\42x22light_00150.png,42,22,False,150
508,data_generated_images\42x22light_00222.png,42,22,False,222
509,data_generated_images\42x22light_00230.png,42,22,False,230
510,data_generated_images\42x22light_00242.png,42,22,False,242
511,data_generated_images\42x22light_00246.png,42,22,False,246
512,data_generated_images\42x22light_00248.png,42,22,False,248
513,data_generated_images\42x22light_00252.png,42,22,False,252
514,data_generated_images\42x22light_00254.png,42,22,False,254
515,data_generated_images\42x22light_00260.png,42,22,False,260
516,data_generated_images\42x22light_00288.png,42,22,False,288
517,data_generated_images\42x22light_00296.png,42,22,False,296
518,data_generated_images\42x22light_00300.png,42,22,False,300
519,data_generated_images\42x22light_00314.png,42,22,False,314
520,data_generated_images\42x22light_00320.png,42,22,False,320
521,data_generated_images\42x22light_00332.png,42,22,False,332
522,data_generated_images\42x22light_00378.png,42,22,False,378
523,data_generated_images\42x22light_00386.png,42,22,False,386
524,data_generated_images\42x22light_00402.png,42,22,False,402
525,data_generated_images\42x22light_00434.png,42,22,False,434
526,data_generated_images\42x30dark_00003.png,42,30,True,3
527,data_generated_images\42x30dark_00030.png,42,30,True,30
528,data_generated_images\42x30dark_00039.png,42,30,True,39
529,data_generated_images\42x30dark_00042.png,42,30,True,42
530,data_generated_images\42x30dark_00045.png,42,30,True,45
531,data_generated_images\42x30dark_00051.png,42,30,True,51
532,data_generated_images\42x30dark_00060.png,42,30,True,60
533,data_generated_images\42x30dark_00186.png,42,30,True,186
534,data_generated_images\42x30dark_00192.png,42,30,True,192
535,data_generated_images\42x30dark_00195.png,42,30,True,195
536,data_generated_images\42x30dark_00204.png,42,30,True,204
537,data_generated_images\42x30dark_00249.png,42,30,True,249
538,data_generated_images\42x30dark_00261.png,42,30,True,261
539,data_generated_images\42x30dark_00276.png,42,30,True,276
540,data_generated_images\42x30dark_00282.png,42,30,True,282
541,data_generated_images\42x30dark_00312.png,42,30,True,312
542,data_generated_images\42x30dark_00342.png,42,30,True,342
543,data_generated_images\42x30dark_00486.png,42,30,True,486
544,data_generated_images\42x30dark_00537.png,42,30,True,537
545,data_generated_images\42x30dark_00546.png,42,30,True,546
546,data_generated_images\42x30dark_00552.png,42,30,True,552
547,data_generated_images\42x30dark_01113.png,42,30,True,1113
548,data_generated_images\42x30dark_01143.png,42,30,True,1143
549,data_generated_images\42x30light_00002.png,42,30,False,2
550,data_generated_images\42x30light_00020.png,42,30,False,20
551,data_generated_images\42x30light_00024.png,42,30,False,24
552,data_generated_images\42x30light_00030.png,42,30,False,30
553,data_generated_images\42x30light_00032.png,42,30,False,32
554,data_generated_images\42x30light_00038.png,42,30,False,38
555,data_generated_images\42x30light_00046.png,42,30,False,46
556,data_generated_images\42x30light_00140.png,42,30,False,140
557,data_generated_images\42x30light_00194.png,42,30,False,194
558,data_generated_images\42x30light_00228.png,42,30,False,228
559,data_generated_images\42x30light_00240.png,42,30,False,240
560,data_generated_images\42x30light_00296.png,42,30,False,296
561,data_generated_images\42x30light_00360.png,42,30,False,360
562,data_generated_images\42x30light_00366.png,42,30,False,366
563,data_generated_images\42x30light_00428.png,42,30,False,428
564,data_generated_images\42x30light_00470.png,42,30,False,470
565,data_generated_images\42x30light_00474.png,42,30,False,474
566,data_generated_images\42x30light_00476.png,42,30,False,476
567,data_generated_images\42x30light_00542.png,42,30,False,542
568,data_generated_images\42x30light_00582.png,42,30,False,582
569,data_generated_images\42x30light_00710.png,42,30,False,710
570,data_generated_images\42x30light_00714.png,42,30,False,714
